seed_keyword,keyword,No,区分,単語数,SEO難易度,月間検索数,CPC ($),競合性,出現時期
洪水 キキクル,洪水 キキクル,1,＋,2,,,,,
洪水 キキクル,洪水 キキクル 見方,2,＋,3,,,,,
洪水 キキクル,洪水 キキクル 河川,3,＋,3,,,,,
洪水 キキクル,洪水 キキクル アプリ,4,＋,3,,,,,
洪水 キキクル,洪水 キキクル 気象庁,5,＋,3,,,,,
洪水 キキクル,洪水 キキクル と は,6,＋,4,,,,,
洪水 キキクル,洪水 キキクル 対象 河川,7,＋＋,4,,,,,
洪水 キキクル,洪水 キキクル 赤,8,＋α,3,,,,,
洪水 キキクル,洪水 キキクル 色,9,＋α,3,,,,,
洪水 キキクル,洪水 キキクル 過去,10,＋α,3,,,,,
洪水 キキクル,洪水 キキクル 基準,11,＋α,3,,,,,
洪水 キキクル,洪水 キキクル 浸水 キキクル,12,＋α,4,,,,,
洪水 キキクル,浸水 キキクル 洪水 キキクル 違い,13,＋α,5,,,,,
洪水 キキクル,洪水 警報 キキクル,14,＋α,3,,,,,
洪水 キキクル,洪水 キキクル 水害 リスク ライン,15,＋α,5,,,,,
洪水 キキクル,洪水 キキクル 東京,16,＋α,3,,,,,
洪水 キキクル,洪水 キキクル の 見方 は,17,＋α,5,,,,,
洪水 キキクル,洪水 キキクル 凡例,18,＋α,3,,,,,
洪水 キキクル,洪水 キキクル 福岡,19,＋α,3,,,,,
洪水 キキクル,洪水 キキクル 紫,20,＋α,3,,,,,
洪水 キキクル,洪水 キキクル メッシュ,21,＋α,3,,,,,
洪水 キキクル,洪水 キキクル 予測 時間,22,＋α,4,,,,,
洪水 キキクル,キキクル 洪水 害,23,＋α,3,,,,,
洪水 キキクル,キキクル 洪水 情報,24,＋α,3,,,,,
洪水 避難 いつ,洪水 いつ 避難,1,＋,3,,,,,
河川 氾濫 避難,河川 氾濫 避難 指示,1,＋,4,,,,,
河川 氾濫 避難,河川 氾濫 避難,2,＋,3,,,,,
河川 氾濫 避難,河川 氾濫 避難 訓練,3,＋,4,,,,,
河川 氾濫 避難,河川 氾濫 避難 場所,4,＋,4,,,,,
河川 氾濫 避難,河川 氾濫 避難 方法,5,＋,4,,,,,
河川 氾濫 避難,河川 氾濫 避難 レベル,6,＋,4,,,,,
河川 氾濫 避難,水害河川氾濫避難,7,＋,1,,,,,
河川 氾濫 避難,河川 の 氾濫 避難,8,＋α,4,,,,,
高潮 台風,伊勢湾台風 高潮何メートル,1,＋α,2,,,,,
高潮 台風,台風 高潮被害,2,＋α,2,,,,,
車中泊 防災,車中泊 防災,1,＋,2,,,,,
車中泊 防災,車中泊 防災グッズ,2,＋,2,,,,,
車中泊 防災,車中泊 防災セット,3,＋,2,,,,,
車中泊 防災,アイリスプラザ 車中泊 防災グッズ マットレス,4,＋,4,,,,,
車中泊 防災,ニトリ 車中泊 防災セット,5,＋,3,,,,,
車中泊 防災,ニトリ 車中泊 防災,6,＋,3,,,,,
車中泊 防災,防災基本計画 車中泊,7,＋,2,,,,,
車中泊 防災,山善 防災バッグ 車中泊,8,＋,3,,,,,
車中泊 防災,車中泊 防災 グッズ,9,＋,3,,,,,
車中泊 防災,アイリスプラザ 車中泊 防災グッズ マットレス コンパクト レジャー 災害グッズ 丸めて 寝袋 高反発 × 低反発 厚4cm 長180cm ブラウン,10,＋＋,15,,,,,
車中泊 防災,アイリスプラザ 車中泊 防災グッズ マットレス コンパクト,11,＋＋,5,,,,,
車中泊 防災,アイリスプラザ 車中泊 防災グッズ マットレス コンパクト レジャー,12,＋＋,6,,,,,
災害 車中泊,災害 車中泊,1,＋,2,,,,,
災害 車中泊,災害 車中泊 必要なもの,2,＋,3,,,,,
災害 車中泊,災害 車中泊 エコノミークラス症候群,3,＋,3,,,,,
災害 車中泊,災害 車中泊 車種,4,＋,3,,,,,
災害 車中泊,災害 車中泊 肺炎,5,＋,3,,,,,
災害 車中泊,災害 車中泊 軽自動車,6,＋,3,,,,,
災害 車中泊,災害 車中泊 グッズ,7,＋,3,,,,,
災害 車中泊,災害 車中泊 おすすめ,8,＋α,3,,,,,
災害 車中泊,災害 避難 車中泊,9,＋α,3,,,,,
災害 車中泊,災害 ペット 車中泊,10,＋α,3,,,,,
避難所 車中泊,避難所 車中泊,1,＋,2,,,,,
避難所 車中泊,熊本 車中泊 避難所,2,＋,3,,,,,
停電 冷蔵庫,停電 冷蔵庫,1,＋,2,,,,,
停電 冷蔵庫,停電 冷蔵庫 壊れる,2,＋,3,,,,,
停電 冷蔵庫,停電 冷蔵庫 ポータブル電源,3,＋,3,,,,,
停電 冷蔵庫,停電 冷蔵庫 何時間,4,＋,3,,,,,
停電 冷蔵庫,停電 冷蔵庫 牛乳,5,＋,3,,,,,
停電 冷蔵庫,停電 冷蔵庫 対策,6,＋,3,,,,,
停電 冷蔵庫,停電 冷蔵庫 コンセント,7,＋,3,,,,,
停電 冷蔵庫,停電 冷蔵庫 何時間 もつ 肉,8,＋,5,,,,,
停電 冷蔵庫,停電 冷蔵庫 復旧,9,＋,3,,,,,
停電 冷蔵庫,停電 冷蔵庫 壊れる 保険,10,＋,4,,,,,
停電 冷蔵庫,停電 冷蔵庫 卵,11,＋,3,,,,,
停電 冷蔵庫,停電 冷蔵庫 どうする,12,＋,3,,,,,
停電 冷蔵庫,停電 冷蔵庫 7時間,13,＋,3,,,,,
停電 冷蔵庫,停電 後 冷蔵庫 壊れる,14,＋＋,4,,,,,
停電 冷蔵庫,停電 冷蔵庫 何時間持つ,15,＋＋,3,,,,,
停電 冷蔵庫,停電 冷蔵庫 何時間 もつ,16,＋＋,4,,,,,
停電 冷蔵庫,停電 対策 バッテリー 冷蔵庫,17,＋＋,4,,,,,
停電 冷蔵庫,計画 停電 冷蔵庫 対策,18,＋＋,4,,,,,
停電 冷蔵庫,業務 用 冷蔵庫 停電 対策,19,＋＋,5,,,,,
停電 冷蔵庫,冷蔵庫 の 停電 対策,20,＋＋,4,,,,,
停電 冷蔵庫,台風 停電 対策 冷蔵庫,21,＋＋,4,,,,,
停電 冷蔵庫,停電 冷蔵庫 コンセント 抜く,22,＋＋,4,,,,,
停電 冷蔵庫,停電 時 冷蔵庫 コンセント,23,＋＋,4,,,,,
停電 冷蔵庫,計画 停電 冷蔵庫 コンセント,24,＋＋,4,,,,,
停電 冷蔵庫,電気工事 停電 冷蔵庫 コンセント,25,＋＋,4,,,,,
停電 冷蔵庫,停電 冷蔵庫 復旧 しない,26,＋＋,4,,,,,
停電 冷蔵庫,停電 復旧後 冷蔵庫,27,＋＋,3,,,,,
停電 冷蔵庫,停電 冷蔵庫 自動 復旧,28,＋＋,4,,,,,
停電 冷蔵庫,冷蔵庫 停電 すぐ 復旧,29,＋＋,4,,,,,
停電 冷蔵庫,三菱 冷蔵庫 停電 復旧,30,＋＋,4,,,,,
停電 冷蔵庫,停電 したら どうする 冷蔵庫,31,＋＋,4,,,,,
停電 冷蔵庫,計画 停電 冷蔵庫 どうする,32,＋＋,4,,,,,
停電 冷蔵庫,停電 冷蔵庫 1日,33,＋α,3,,,,,
停電 冷蔵庫,停電 冷蔵庫 1時間,34,＋α,3,,,,,
停電 冷蔵庫,停電 冷蔵庫 10時間,35,＋α,3,,,,,
停電 冷蔵庫,停電 冷蔵庫 12 時間,36,＋α,4,,,,,
停電 冷蔵庫,冷蔵庫 1 時間 半 停電,37,＋α,5,,,,,
停電 冷蔵庫,冷蔵庫 停電 10分,38,＋α,3,,,,,
停電 冷蔵庫,1 時間 の 停電 冷蔵庫,39,＋α,5,,,,,
停電 冷蔵庫,停電 冷蔵庫 2時間,40,＋α,3,,,,,
停電 冷蔵庫,停電 2 時間 程度 冷蔵庫,41,＋α,5,,,,,
停電 冷蔵庫,2 時間 半 停電 冷蔵庫,42,＋α,5,,,,,
停電 冷蔵庫,2 時間 の 停電 冷蔵庫,43,＋α,5,,,,,
停電 冷蔵庫,冷蔵庫 停電 24 時間,44,＋α,4,,,,,
停電 冷蔵庫,冷蔵庫 2日 停電,45,＋α,3,,,,,
停電 冷蔵庫,停電 冷蔵庫 3時間,46,＋α,3,,,,,
停電 冷蔵庫,停電 30 分 冷蔵庫,47,＋α,4,,,,,
停電 冷蔵庫,停電 3 時間 冷蔵庫 大丈夫,48,＋α,5,,,,,
停電 冷蔵庫,3 時間 の 停電 冷蔵庫,49,＋α,5,,,,,
停電 冷蔵庫,冷蔵庫 停電 3 日,50,＋α,4,,,,,
停電 冷蔵庫,停電 冷蔵庫 4時間,51,＋α,3,,,,,
停電 冷蔵庫,停電 冷蔵庫 5時間,52,＋α,3,,,,,
停電 冷蔵庫,停電 冷蔵庫 6時間,53,＋α,3,,,,,
停電 冷蔵庫,停電 冷蔵庫 8時間,54,＋α,3,,,,,
停電 冷蔵庫,停電 冷蔵庫 開けない,55,＋α,3,,,,,
停電 冷蔵庫,停電 冷蔵庫 開け て しまっ た,56,＋α,6,,,,,
停電 冷蔵庫,停電 冷蔵庫 アイス,57,＋α,3,,,,,
停電 冷蔵庫,停電 冷蔵庫 開ける,58,＋α,3,,,,,
停電 冷蔵庫,停電 冷蔵庫 ドライ アイス,59,＋α,4,,,,,
停電 冷蔵庫,停電 冷蔵庫 いつまでも つ,60,＋α,4,,,,,
停電 冷蔵庫,停電 冷蔵庫 ウインナー,61,＋α,3,,,,,
停電 冷蔵庫,停電 冷蔵庫 ups,62,＋α,3,,,,,
停電 冷蔵庫,停電 冷蔵庫 内,63,＋α,3,,,,,
停電 冷蔵庫,停電 後 冷蔵庫 が 動か ない,64,＋α,6,,,,,
停電 冷蔵庫,停電 時に 冷蔵庫 を 動かす,65,＋α,5,,,,,
停電 冷蔵庫,冷蔵庫 停電 動か ない,66,＋α,4,,,,,
停電 冷蔵庫,停電 冷蔵庫 温度 変化,67,＋α,4,,,,,
停電 冷蔵庫,停電 冷蔵庫 お知らせ,68,＋α,3,,,,,
停電 冷蔵庫,停電 冷蔵庫 温度,69,＋α,3,,,,,
停電 冷蔵庫,冷蔵庫 停電 温度上昇,70,＋α,3,,,,,
停電 冷蔵庫,オール 電化 停電 冷蔵庫,71,＋α,4,,,,,
停電 冷蔵庫,停電 冷蔵庫 勝手 に つく,72,＋α,5,,,,,
停電 冷蔵庫,冷蔵庫 停電 再 起動,73,＋α,4,,,,,
停電 冷蔵庫,停電 冷蔵庫 製氷 機,74,＋α,4,,,,,
停電 冷蔵庫,停電 冷蔵庫 発電 機,75,＋α,4,,,,,
停電 冷蔵庫,急 な 停電 冷蔵庫,76,＋α,4,,,,,
停電 冷蔵庫,停電 冷蔵庫 クーラーボックス,77,＋α,3,,,,,
停電 冷蔵庫,停電 冷蔵庫 腐る,78,＋α,3,,,,,
停電 冷蔵庫,冷蔵庫 停電 臭い,79,＋α,3,,,,,
停電 冷蔵庫,計画 停電 冷蔵庫,80,＋α,3,,,,,
停電 冷蔵庫,計画 停電 冷蔵庫 の 中身,81,＋α,5,,,,,
停電 冷蔵庫,計画 停電 冷蔵庫 電源,82,＋α,4,,,,,
停電 冷蔵庫,マンション 計画 停電 冷蔵庫,83,＋α,4,,,,,
停電 冷蔵庫,停電 検査 冷蔵庫,84,＋α,3,,,,,
停電 冷蔵庫,冷蔵庫 停電 結露,85,＋α,3,,,,,
停電 冷蔵庫,停電 冷蔵庫 故障,86,＋α,3,,,,,
停電 冷蔵庫,停電 冷蔵庫 壊れた,87,＋α,3,,,,,
停電 冷蔵庫,停電 冷蔵庫 故障 保証,88,＋α,4,,,,,
停電 冷蔵庫,作業 停電 冷蔵庫,89,＋α,3,,,,,
停電 冷蔵庫,停電 三時間 冷蔵庫,90,＋α,3,,,,,
停電 冷蔵庫,災害時 停電 冷蔵庫,91,＋α,3,,,,,
停電 冷蔵庫,停電 冷蔵庫 食材,92,＋α,3,,,,,
停電 冷蔵庫,停電 冷蔵庫 食品,93,＋α,3,,,,,
停電 冷蔵庫,停電 した 時 冷蔵庫,94,＋α,4,,,,,
停電 冷蔵庫,停電 した あと 冷蔵庫,95,＋α,4,,,,,
停電 冷蔵庫,停電 した 冷蔵庫,96,＋α,3,,,,,
停電 冷蔵庫,冷蔵庫 停電 したら,97,＋α,3,,,,,
停電 冷蔵庫,シャープ 冷蔵庫 停電,98,＋α,3,,,,,
停電 冷蔵庫,シャープ 冷蔵庫 停電 後,99,＋α,4,,,,,
停電 冷蔵庫,停電 冷蔵庫 水 漏れ,100,＋α,4,,,,,
停電 冷蔵庫,停電 冷蔵庫 捨てる もの,101,＋α,4,,,,,
停電 冷蔵庫,停電 する 時 冷蔵庫,102,＋α,4,,,,,
停電 冷蔵庫,停電 冷蔵庫 製氷機,103,＋α,3,,,,,
停電 冷蔵庫,停電 冷蔵庫 損害 賠償,104,＋α,4,,,,,
停電 冷蔵庫,停電 そなえ モード 冷蔵庫,105,＋α,4,,,,,
停電 冷蔵庫,停電 に 備える 冷蔵庫,106,＋α,4,,,,,
停電 冷蔵庫,パナソニック 冷蔵庫 停電 そなえ モード,107,＋α,5,,,,,
停電 冷蔵庫,冷蔵庫 無 停電 電源 装置,108,＋α,5,,,,,
停電 冷蔵庫,停電 冷蔵庫 たまご,109,＋α,3,,,,,
停電 冷蔵庫,停電 冷蔵庫 対応,110,＋α,3,,,,,
停電 冷蔵庫,停電 冷蔵庫 太陽光発電,111,＋α,3,,,,,
停電 冷蔵庫,停電 冷蔵庫 食べ物,112,＋α,3,,,,,
停電 冷蔵庫,停電 冷蔵庫 対処 法,113,＋α,4,,,,,
停電 冷蔵庫,停電 冷蔵庫 壊れ た,114,＋α,4,,,,,
停電 冷蔵庫,停電 冷蔵庫 調味料,115,＋α,3,,,,,
停電 冷蔵庫,停電 冷蔵庫 チーズ,116,＋α,3,,,,,
停電 冷蔵庫,停電 冷蔵庫 蓄電池,117,＋α,3,,,,,
停電 冷蔵庫,長期 停電 冷蔵庫,118,＋α,3,,,,,
停電 冷蔵庫,停電 冷蔵庫 つかない,119,＋α,3,,,,,
停電 冷蔵庫,停電 後 冷蔵庫 つか ない,120,＋α,5,,,,,
停電 冷蔵庫,停電 でも 使える 冷蔵庫,121,＋α,4,,,,,
停電 冷蔵庫,停電 後 冷蔵庫 つか ない シャープ,122,＋α,6,,,,,
停電 冷蔵庫,停電 後 冷蔵庫 つか ない 三菱,123,＋α,6,,,,,
停電 冷蔵庫,停電 冷蔵庫 電気 つか ない,124,＋α,5,,,,,
停電 冷蔵庫,停電 に 強い 冷蔵庫,125,＋α,4,,,,,
停電 冷蔵庫,停電 点検 冷蔵庫,126,＋α,3,,,,,
停電 冷蔵庫,マンション 点検 停電 冷蔵庫,127,＋α,4,,,,,
停電 冷蔵庫,電気 点検 停電 冷蔵庫,128,＋α,4,,,,,
停電 冷蔵庫,停電 冷蔵庫 止まる,129,＋α,3,,,,,
停電 冷蔵庫,停電 冷蔵庫 豆腐,130,＋α,3,,,,,
停電 冷蔵庫,停電 冷蔵庫 中身,131,＋α,3,,,,,
停電 冷蔵庫,停電 冷蔵庫 納豆,132,＋α,3,,,,,
停電 冷蔵庫,停電 冷蔵庫 中身 保証,133,＋α,4,,,,,
停電 冷蔵庫,停電 冷蔵庫 何 時間 もつ 肉,134,＋α,6,,,,,
停電 冷蔵庫,停電 冷蔵庫 何 時間 持つ,135,＋α,5,,,,,
停電 冷蔵庫,停電 冷蔵庫 何 時間 大丈夫,136,＋α,5,,,,,
停電 冷蔵庫,停電 冷蔵庫 夏,137,＋α,3,,,,,
停電 冷蔵庫,停電 冷蔵庫 何 時間 夏,138,＋α,5,,,,,
停電 冷蔵庫,停電 冷蔵庫 肉,139,＋α,3,,,,,
停電 冷蔵庫,停電 冷蔵庫 に 保冷 剤,140,＋α,5,,,,,
停電 冷蔵庫,停電 後 冷蔵庫 勝手 に つく,141,＋α,6,,,,,
停電 冷蔵庫,停電 冷蔵庫 何時間もつ 肉,142,＋α,4,,,,,
停電 冷蔵庫,停電 に なっ たら 冷蔵庫,143,＋α,5,,,,,
停電 冷蔵庫,停電 二 時間 冷蔵庫,144,＋α,4,,,,,
停電 冷蔵庫,冷蔵庫 停電 匂い,145,＋α,3,,,,,
停電 冷蔵庫,留守 中 に 停電 冷蔵庫,146,＋α,5,,,,,
停電 冷蔵庫,停電 冷蔵庫 の 中身,147,＋α,4,,,,,
停電 冷蔵庫,停電 冷蔵庫 の 中身 何 時間,148,＋α,6,,,,,
停電 冷蔵庫,停電 冷蔵庫 の 中,149,＋α,4,,,,,
停電 冷蔵庫,停電 冷蔵庫 の 中身 保険,150,＋α,5,,,,,
停電 冷蔵庫,停電 冷蔵庫 の もの,151,＋α,4,,,,,
停電 冷蔵庫,停電 冷蔵庫 の 氷,152,＋α,4,,,,,
停電 冷蔵庫,停電 冷蔵庫 の 中身 保証,153,＋α,5,,,,,
停電 冷蔵庫,停電 後 冷蔵庫,154,＋α,3,,,,,
停電 冷蔵庫,三菱 冷蔵庫 停電 後 電源が入らない,155,＋α,5,,,,,
停電 冷蔵庫,停電 冷蔵庫 発電機,156,＋α,3,,,,,
停電 冷蔵庫,停電 冷蔵庫 は,157,＋α,3,,,,,
停電 冷蔵庫,停電 冷蔵庫 発泡スチロール,158,＋α,3,,,,,
停電 冷蔵庫,停電 したら 冷蔵庫 は,159,＋α,4,,,,,
停電 冷蔵庫,停電 時 冷蔵庫 発電 機,160,＋α,5,,,,,
停電 冷蔵庫,停電 冷蔵庫 電源 入ら ない,161,＋α,5,,,,,
停電 冷蔵庫,停電 したら 冷蔵庫 は どうなる,162,＋α,5,,,,,
停電 冷蔵庫,冷蔵庫 半日 停電,163,＋α,3,,,,,
停電 冷蔵庫,ハイアール 冷蔵庫 停電,164,＋α,3,,,,,
停電 冷蔵庫,停電 冷蔵庫 氷,165,＋α,3,,,,,
停電 冷蔵庫,停電 冷蔵庫 冷えない,166,＋α,3,,,,,
停電 冷蔵庫,停電 冷蔵庫 非常用電源,167,＋α,3,,,,,
停電 冷蔵庫,停電 後 冷蔵庫 冷え ない,168,＋α,5,,,,,
停電 冷蔵庫,停電 後 冷蔵庫 冷える まで,169,＋α,5,,,,,
停電 冷蔵庫,停電 冷蔵庫 太陽 光 発電,170,＋α,5,,,,,
停電 冷蔵庫,日立 冷蔵庫 停電 後,171,＋α,4,,,,,
停電 冷蔵庫,日立 冷蔵庫 停電,172,＋α,3,,,,,
停電 冷蔵庫,冷蔵庫 1 日 停電,173,＋α,4,,,,,
停電 冷蔵庫,冷蔵庫 停電 何 日 もつ,174,＋α,5,,,,,
停電 冷蔵庫,停電 冷蔵庫 冬,175,＋α,3,,,,,
停電 冷蔵庫,停電 復帰 後 冷蔵庫 の電源が入らない,176,＋α,5,,,,,
停電 冷蔵庫,冷蔵庫 停電 何時間もつ 冬,177,＋α,4,,,,,
停電 冷蔵庫,冷蔵庫 停電 復帰 時間,178,＋α,4,,,,,
停電 冷蔵庫,停電 冷蔵庫 保冷剤,179,＋α,3,,,,,
停電 冷蔵庫,停電 冷蔵庫 保証,180,＋α,3,,,,,
停電 冷蔵庫,停電 冷蔵庫 保冷バッグ,181,＋α,3,,,,,
停電 冷蔵庫,停電 冷蔵庫 保険,182,＋α,3,,,,,
停電 冷蔵庫,停電 補償 冷蔵庫,183,＋α,3,,,,,
停電 冷蔵庫,火災 保険 停電 冷蔵庫,184,＋α,4,,,,,
停電 冷蔵庫,法定 停電 冷蔵庫,185,＋α,3,,,,,
停電 冷蔵庫,ホシザキ 冷蔵庫 停電,186,＋α,3,,,,,
停電 冷蔵庫,停電 冷蔵庫 マヨネーズ,187,＋α,3,,,,,
停電 冷蔵庫,停電 前 冷蔵庫,188,＋α,3,,,,,
停電 冷蔵庫,マンション 停電 冷蔵庫,189,＋α,3,,,,,
停電 冷蔵庫,マンション 全館 停電 冷蔵庫,190,＋α,4,,,,,
停電 冷蔵庫,真夏 停電 冷蔵庫,191,＋α,3,,,,,
停電 冷蔵庫,停電 冷蔵庫 水漏れ,192,＋α,3,,,,,
停電 冷蔵庫,停電 冷蔵庫 味噌,193,＋α,3,,,,,
停電 冷蔵庫,停電 冷蔵庫 三菱,194,＋α,3,,,,,
停電 冷蔵庫,停電 冷蔵庫 水浸し,195,＋α,3,,,,,
停電 冷蔵庫,三菱 冷蔵庫 停電 後,196,＋α,4,,,,,
停電 冷蔵庫,三菱 電機 冷蔵庫 停電,197,＋α,4,,,,,
停電 冷蔵庫,三菱 冷蔵庫 停電 故障,198,＋α,4,,,,,
停電 冷蔵庫,飲食 店 停電 冷蔵庫,199,＋α,4,,,,,
停電 冷蔵庫,冷蔵庫 停電 水,200,＋α,3,,,,,
停電 冷蔵庫,無 停電 電源 装置 冷蔵庫 用,201,＋α,6,,,,,
停電 冷蔵庫,無 停電 装置 冷蔵庫,202,＋α,4,,,,,
停電 冷蔵庫,無 停電 電源 冷蔵庫,203,＋α,4,,,,,
停電 冷蔵庫,冷蔵庫 停電 何時間 もつ,204,＋α,4,,,,,
停電 冷蔵庫,冷蔵庫 停電 水 漏れ,205,＋α,4,,,,,
停電 冷蔵庫,冷蔵庫 停電 どれくらい もつ,206,＋α,4,,,,,
停電 冷蔵庫,シャープ 冷蔵庫 停電 モード,207,＋α,4,,,,,
停電 冷蔵庫,停電 冷蔵庫 野菜,208,＋α,3,,,,,
停電 冷蔵庫,停電 冷蔵庫 ヨーグルト,209,＋α,3,,,,,
停電 冷蔵庫,停電 冷蔵庫 非常 用 電源,210,＋α,5,,,,,
停電 冷蔵庫,停電 用 バッテリー 冷蔵庫,211,＋α,4,,,,,
停電 冷蔵庫,停電 用 冷蔵庫,212,＋α,3,,,,,
停電 冷蔵庫,業務 用 冷蔵庫 停電,213,＋α,4,,,,,
停電 冷蔵庫,業務 用 冷蔵庫 停電 後,214,＋α,5,,,,,
停電 冷蔵庫,予告 停電 冷蔵庫,215,＋α,3,,,,,
停電 冷蔵庫,落雷 停電 冷蔵庫,216,＋α,3,,,,,
停電 冷蔵庫,停電 冷蔵庫 調味 料,217,＋α,4,,,,,
停電 冷蔵庫,旅行中 停電 冷蔵庫,218,＋α,3,,,,,
停電 冷蔵庫,輪番 停電 冷蔵庫,219,＋α,3,,,,,
停電 冷蔵庫,留守中 停電 冷蔵庫,220,＋α,3,,,,,
停電 冷蔵庫,停電 冷蔵庫 冷凍庫,221,＋α,3,,,,,
停電 冷蔵庫,冷蔵庫 冷凍庫 停電 時,222,＋α,4,,,,,
停電 冷蔵庫,冷蔵庫 冷凍庫 停電 何 時間,223,＋α,5,,,,,
停電 冷蔵庫,冷蔵庫 停電 冷凍 食品,224,＋α,4,,,,,
停電 冷蔵庫,ワクチン 冷蔵庫 停電,225,＋α,3,,,,,
停電 冷蔵庫,停電 で 冷蔵庫 が 壊れ た,226,＋α,6,,,,,
停電 冷蔵庫,停電 後 冷蔵庫 が 冷え ない,227,＋α,6,,,,,
停電 冷蔵庫,停電 で 冷蔵庫 が 壊れる,228,＋α,5,,,,,
停電 冷蔵庫,停電 後 冷蔵庫 が つか ない,229,＋α,6,,,,,
停電 冷蔵庫,外出 中 停電 冷蔵庫,230,＋α,4,,,,,
停電 冷蔵庫,停電 冷蔵庫 保冷 剤,231,＋α,4,,,,,
停電 冷蔵庫,停電 冷蔵庫 時間,232,＋α,3,,,,,
停電 冷蔵庫,停電 冷蔵庫 何 時間 もつ,233,＋α,5,,,,,
停電 冷蔵庫,停電 冷蔵庫 7 時間,234,＋α,4,,,,,
停電 冷蔵庫,停電 2 時間 冷蔵庫,235,＋α,4,,,,,
停電 冷蔵庫,停電 冷蔵庫 4 時間,236,＋α,4,,,,,
停電 冷蔵庫,停電 3 時間 冷蔵庫,237,＋α,4,,,,,
停電 冷蔵庫,停電 冷蔵庫 10 時間,238,＋α,4,,,,,
停電 冷蔵庫,停電 1 時間 冷蔵庫,239,＋α,4,,,,,
停電 冷蔵庫,全館 停電 冷蔵庫,240,＋α,3,,,,,
停電 冷蔵庫,停電 冷蔵庫 大丈夫,241,＋α,3,,,,,
停電 冷蔵庫,冷蔵庫 だけ 停電,242,＋α,3,,,,,
停電 冷蔵庫,停電 冷蔵庫 電気つかない,243,＋α,3,,,,,
停電 冷蔵庫,停電 冷蔵庫 電源,244,＋α,3,,,,,
停電 冷蔵庫,停電 冷蔵庫 ポータブル 電源,245,＋α,4,,,,,
停電 冷蔵庫,停電 で 冷蔵庫 壊れる,246,＋α,4,,,,,
停電 冷蔵庫,電気工事 停電 冷蔵庫,247,＋α,3,,,,,
停電 冷蔵庫,東芝 冷蔵庫 停電 後 電源が入らない,248,＋α,5,,,,,
停電 冷蔵庫,停電 冷蔵庫 どのくらいもつ,249,＋α,3,,,,,
停電 冷蔵庫,停電 冷蔵庫 どうなる,250,＋α,3,,,,,
停電 冷蔵庫,停電 冷蔵庫 ドライアイス,251,＋α,3,,,,,
停電 冷蔵庫,停電 冷蔵庫 どれくらい,252,＋α,3,,,,,
停電 冷蔵庫,停電 冷蔵庫 バッテリー,253,＋α,3,,,,,
停電 冷蔵庫,停電 冷蔵庫 バター,254,＋α,3,,,,,
停電 冷蔵庫,停電 冷蔵庫 賠償,255,＋α,3,,,,,
停電 冷蔵庫,停電 時 冷蔵庫 バッテリー,256,＋α,4,,,,,
停電 冷蔵庫,停電 した 場合 冷蔵庫,257,＋α,4,,,,,
停電 冷蔵庫,停電 冷蔵庫 保冷 バッグ,258,＋α,4,,,,,
停電 冷蔵庫,冷蔵庫 停電 開け なけれ ば,259,＋α,5,,,,,
停電 冷蔵庫,停電 冷蔵庫 ブレーカー,260,＋α,3,,,,,
停電 冷蔵庫,冷蔵庫 停電 何 分,261,＋α,4,,,,,
停電 冷蔵庫,冷蔵庫 停電 10 分,262,＋α,4,,,,,
停電 冷蔵庫,停電 冷蔵庫 弁償,263,＋α,3,,,,,
停電 冷蔵庫,停電 冷蔵庫 クーラー ボックス,264,＋α,4,,,,,
停電 冷蔵庫,停電 冷蔵庫 ペット ボトル,265,＋α,4,,,,,
停電 冷蔵庫,パナソニック 冷蔵庫 停電 後,266,＋α,4,,,,,
停電 冷蔵庫,パナソニック 冷蔵庫 停電,267,＋α,3,,,,,
停電 冷蔵庫,パナソニック 冷蔵庫 停電 時,268,＋α,4,,,,,
停電 冷蔵庫,停電 冷蔵庫 ペットボトル,269,＋α,3,,,,,
停電 冷蔵庫,停電 時 冷蔵庫 ポータブル 電源,270,＋α,5,,,,,
停電 冷蔵庫,停電 冷蔵庫 どれくらい もつ,271,＋α,4,,,,,
停電 食品,停電 食品,1,＋,2,,,,,
停電 食品,停電 冷凍 食品,2,＋,3,,,,,
停電 食品,停電 冷凍 食品 食べ 方,3,＋,5,,,,,
停電 食品,停電 時 冷凍 食品 どうする,4,＋,5,,,,,
停電 食品,停電 対応 マニュアル 食品 工場,5,＋,5,,,,,
停電 食品,冷凍 食品 停電 何 時間,6,＋,5,,,,,
停電 食品,冷凍 食品 停電 再 冷凍,7,＋,5,,,,,
停電 食品,冷凍 食品 停電 食べ れる,8,＋,5,,,,,
停電 食品,冷凍 食品 停電 時,9,＋,4,,,,,
停電 食品,食品 工場 停電 マニュアル,10,＋,4,,,,,
停電 食品,停電 冷凍 食品 何 時間,11,＋＋,5,,,,,
停電 食品,スーパー 停電 冷凍 食品,12,＋＋,4,,,,,
停電 食品,計画 停電 冷凍 食品,13,＋＋,4,,,,,
停電 食品,冷蔵庫 停電 冷凍 食品,14,＋＋,4,,,,,
停電 食品,冷凍庫 停電 冷凍 食品,15,＋＋,4,,,,,
停電 食品,食品 工場 停電,16,＋α,3,,,,,
停電 食品,停電 冷蔵庫 食品,17,＋α,3,,,,,
災害 お薬手帳,災害 お薬手帳,1,＋,2,,,,,
避難所 持ち物,避難所 持ち物,1,＋,2,,,,,
避難所 持ち物,避難所 持ち物 没収,2,＋,3,,,,,
避難所 持ち物,避難所 持ち物リスト,3,＋,2,,,,,
避難所 持ち物,避難所 持ち物 最低限,4,＋,3,,,,,
避難所 持ち物,避難所 職員 持ち物,5,＋,3,,,,,
避難所 持ち物,地震 避難所 持ち物,6,＋,3,,,,,
避難所 持ち物,赤ちゃん 避難所 持ち物,7,＋,3,,,,,
避難所 持ち物,災害時 避難所 持ち物,8,＋,3,,,,,
避難所 持ち物,大雨 避難所 持ち物,9,＋,3,,,,,
避難所 持ち物,公務員 避難所 持ち物,10,＋,3,,,,,
避難所 持ち物,災害 避難所 持ち物,11,＋,3,,,,,
避難所 持ち物,避難所 女性 持ち物,12,＋α,3,,,,,
台風 窓ガラス,台風 窓ガラス 対策,1,＋,3,,,,,
台風 窓ガラス,台風 窓ガラス,2,＋,2,,,,,
台風 窓ガラス,台風 窓ガラス 割れる,3,＋,3,,,,,
台風 窓ガラス,台風 窓ガラス ガムテープ,4,＋,3,,,,,
台風 窓ガラス,台風 窓ガラス 割れる原因,5,＋,3,,,,,
台風 窓ガラス,台風 窓ガラス 養生テープ,6,＋,3,,,,,
台風 窓ガラス,台風 窓ガラス テープ,7,＋,3,,,,,
台風 窓ガラス,台風 窓ガラス 補強,8,＋,3,,,,,
台風 窓ガラス,台風 窓ガラス 割れた,9,＋,3,,,,,
台風 窓ガラス,台風 窓ガラス 飛散防止フィルム,10,＋,3,,,,,
台風 窓ガラス,台風 窓ガラス 段ボール,11,＋,3,,,,,
台風 窓ガラス,台風 窓ガラス 対策 ダンボール,12,＋＋,4,,,,,
台風 窓ガラス,台風 マンション 窓ガラス 対策,13,＋＋,4,,,,,
台風 窓ガラス,台風 マンション 窓ガラス 割れる,14,＋＋,4,,,,,
台風 窓ガラス,台風 窓ガラス テープ 貼り方,15,＋＋,4,,,,,
台風 窓ガラス,台風 窓ガラス テープ 効果,16,＋＋,4,,,,,
台風 窓ガラス,台風 窓ガラス 割れたら,17,＋＋,3,,,,,
台風 窓ガラス,台風 窓ガラス 割れた 応急処置,18,＋＋,4,,,,,
台風 窓ガラス,台風 窓ガラス 割れた 保険,19,＋＋,4,,,,,
台風 窓ガラス,沖縄 台風 窓ガラス,20,＋α,3,,,,,
台風 窓ガラス,台風 窓ガラス 火災保険,21,＋α,3,,,,,
台風 窓ガラス,窓ガラス 強化フィルム 台風,22,＋α,3,,,,,
台風 窓ガラス,台風 備え 窓ガラス,23,＋α,3,,,,,
台風 窓ガラス,賃貸 台風 窓ガラス,24,＋α,3,,,,,
台風 窓ガラス,台風 窓ガラス プラダン 貼り方,25,＋α,4,,,,,
台風 窓ガラス,台風 窓ガラス 風圧,26,＋α,3,,,,,
台風 窓ガラス,台風 窓ガラス フィルム,27,＋α,3,,,,,
台風 窓ガラス,台風 窓ガラス 保護,28,＋α,3,,,,,
台風 窓ガラス,台風 熱海 ホテル 窓ガラス,29,＋α,4,,,,,
台風 窓ガラス,台風 窓ガラス プラダン 貼り 方,30,＋α,5,,,,,
台風 窓ガラス,窓ガラス 強化 フィルム 台風,31,＋α,4,,,,,
台風 養生テープ 窓,台風 窓 養生テープ,1,＋,3,,,,,
台風 養生テープ 窓,台風 窓ガラス 養生テープ,2,＋,3,,,,,
台風 養生テープ 窓,台風 窓 養生テープ 貼り方,3,＋＋,4,,,,,
線状降水帯 避難,線状降水帯 避難,1,＋,2,,,,,
線状降水帯 避難,線状降水帯 避難指示,2,＋,2,,,,,
線状降水帯 避難,線状降水帯 避難方法,3,＋,2,,,,,
線状降水帯 避難,線状降水帯 避難レベル,4,＋,2,,,,,
線状降水帯 避難,線状降水帯 避難場所,5,＋,2,,,,,
線状降水帯 避難,線状降水帯 避難所,6,＋,2,,,,,
線状降水帯 避難,福岡 線状降水帯 避難,7,＋,3,,,,,
内水氾濫 洪水 違い,内水氾濫 洪水 違い,1,＋,3,,,,,
災害 口腔ケア,災害 口腔ケア,1,＋,2,,,,,
停電 熱中症,停電 熱中症対策,1,＋,2,,,,,
停電 熱中症,停電 熱中症,2,＋,2,,,,,
停電 熱中症,停電 熱中症予防,3,＋,2,,,,,
停電 熱中症,停電 犬 熱中症,4,＋,3,,,,,
停電 熱中症,猫 停電 熱中症対策,5,＋,3,,,,,
停電 熱中症,熊本 停電 熱中症,6,＋,3,,,,,
停電 熱中症,熊本地震 停電 熱中症,7,＋,3,,,,,
停電 熱中症,地震 停電 熱中症,8,＋,3,,,,,
停電 熱中症,夏 停電 熱中症対策,9,＋,3,,,,,
停電 熱中症,夏 停電 熱中症,10,＋,3,,,,,
停電 熱中症,熊本 地震 停電 熱中症,11,＋＋,4,,,,,
停電 熱中症,地震 停電 熱中症対策,12,＋＋,3,,,,,
停電 熱中症,真夏 停電 熱中症,13,＋α,3,,,,,
災害 寒さ 対策,災害 寒さ 対策,1,＋,3,,,,,
災害 寒さ 対策,災害 時 寒さ 対策,2,＋,4,,,,,
災害 寒さ 対策,災害 時 の 寒さ 対策,3,＋,5,,,,,
災害 寒さ 対策,災害 暑 さ 寒さ 対策,4,＋,5,,,,,
災害 寒さ 対策,災害 時 寒さ 対策 グッズ,5,＋,5,,,,,
災害 寒さ 対策,冬 災害 寒さ 対策,6,＋,4,,,,,
災害 寒さ 対策,災害 時 暑 さ 寒さ 対策,7,＋＋,6,,,,,
災害 寒さ 対策,災害 時 の 暑 さ 寒さ 対策,8,＋＋,7,,,,,
